Stocks,Sharpe Ratio,Minimum Risk
T,0.3333333333333333,0.3333333333333333
CTL,0.3333333333333333,0.3333333333333333
VZ,0.3333333333333333,0.3333333333333333
